use roombooking;

delete from Users;
delete from Room;
delete from BookedRoom;


insert into Users (id, first_name, last_name, password, phone_number) values (1, 'Waneta', 'Arckoll', 'h3RoOWKSN3p', '448-847-6763');
insert into Users (id, first_name, last_name, password, phone_number) values (2, 'Steffane', 'Revell', 'z2Dlt46FYQ', '452-903-3300');
insert into Users (id, first_name, last_name, password, phone_number) values (3, 'Antin', 'Baack', 'oUKM2d9qGfTc', '392-710-3483');
insert into Users (id, first_name, last_name, password, phone_number) values (4, 'Jocelin', 'O''Loinn', 'qPQmT8ps', '231-379-5742');
insert into Users (id, first_name, last_name, password, phone_number) values (5, 'Chelsie', 'Tassell', 'dgWmKP', '593-703-0390');
insert into Users (id, first_name, last_name, password, phone_number) values (6, 'Marlena', 'Teager', 'OBv8jV', '955-296-0256');
insert into Users (id, first_name, last_name, password, phone_number) values (7, 'Casey', 'Clifft', 'mJA2sXl85NZ', '420-643-0512');
insert into Users (id, first_name, last_name, password, phone_number) values (8, 'Garreth', 'Cossell', 't5N6PUIR8', '847-607-8530');
insert into Users (id, first_name, last_name, password, phone_number) values (9, 'Meta', 'Tipping', 'P7CQ4w', '400-253-3303');
insert into Users (id, first_name, last_name, password, phone_number) values (10, 'Rozamond', 'Ogilby', 'sWSAGtmV', '113-653-0986');
insert into Users (id, first_name, last_name, password, phone_number) values (11, 'Josee', 'Nutley', 'uVfPorc7uvHu', '434-621-1666');
insert into Users (id, first_name, last_name, password, phone_number) values (12, 'Bowie', 'Hazleton', 'oI4lopJs', '453-935-6119');
insert into Users (id, first_name, last_name, password, phone_number) values (13, 'Elsi', 'Buckle', 'cZwRxD', '623-425-5522');
insert into Users (id, first_name, last_name, password, phone_number) values (14, 'Cobb', 'Echallie', 'yHMPQ7uxFh1', '913-936-8308');
insert into Users (id, first_name, last_name, password, phone_number) values (15, 'Fabian', 'Ruvel', 'F8CxSDKeFxTf', '250-874-8619');
insert into Users (id, first_name, last_name, password, phone_number) values (16, 'Annice', 'Rubra', 'Jeqh6blRHd', '656-127-0468');
insert into Users (id, first_name, last_name, password, phone_number) values (17, 'Felike', 'Bampfield', '6pb4k7Qzi', '354-410-6981');
insert into Users (id, first_name, last_name, password, phone_number) values (18, 'Consalve', 'Duigenan', 'IWfbA9K', '578-170-5707');
insert into Users (id, first_name, last_name, password, phone_number) values (19, 'Ursala', 'Wheatland', 'MWSJKlnvEeX', '922-986-0485');
insert into Users (id, first_name, last_name, password, phone_number) values (20, 'Joell', 'Messenbird', 'FZEJgpg', '885-788-9892');
insert into Users (id, first_name, last_name, password, phone_number) values (21, 'Florance', 'Gossan', 'tXad69CtCYh', '145-141-3795');
insert into Users (id, first_name, last_name, password, phone_number) values (22, 'Duffy', 'Silverthorn', 'aOvCyKOUSg', '348-897-7623');
insert into Users (id, first_name, last_name, password, phone_number) values (23, 'Arabela', 'Dilley', 'knAj0TSd', '550-702-7550');
insert into Users (id, first_name, last_name, password, phone_number) values (24, 'Lorenza', 'Kristiansen', 'qLAcmzN', '787-141-6208');
insert into Users (id, first_name, last_name, password, phone_number) values (25, 'Sibel', 'Caulcott', '4JyAoyTdti8', '300-494-8952');
insert into Users (id, first_name, last_name, password, phone_number) values (26, 'Danice', 'Padgham', 'HetHhqNN', '533-405-7104');
insert into Users (id, first_name, last_name, password, phone_number) values (27, 'Noach', 'Ewings', '0ePv2oxNij', '557-667-5045');
insert into Users (id, first_name, last_name, password, phone_number) values (28, 'Ottilie', 'Cunah', 'bZ5z8eYnT', '186-693-4225');
insert into Users (id, first_name, last_name, password, phone_number) values (29, 'Cathrin', 'Deamer', '3dBPoXyhWjv', '292-686-0203');
insert into Users (id, first_name, last_name, password, phone_number) values (30, 'Kristofor', 'Farlambe', 'er8NLG8nSqi', '460-208-8676');
insert into Users (id, first_name, last_name, password, phone_number) values (31, 'Wain', 'Christal', '0xg34soqcPu', '740-937-7331');
insert into Users (id, first_name, last_name, password, phone_number) values (32, 'Nessie', 'Aizikovitz', 'occtShHk', '202-908-6003');
insert into Users (id, first_name, last_name, password, phone_number) values (33, 'Alexis', 'Dunge', 'ZW0cZSMcCEG', '200-170-0991');
insert into Users (id, first_name, last_name, password, phone_number) values (34, 'Brenna', 'Molohan', 'eMoPiVLGRcF', '132-349-7294');
insert into Users (id, first_name, last_name, password, phone_number) values (35, 'Rocky', 'Pinnere', 'nRulLgmn', '435-292-2958');
insert into Users (id, first_name, last_name, password, phone_number) values (36, 'Rebekah', 'Timmermann', 'j10GGkujVoa', '604-167-6721');
insert into Users (id, first_name, last_name, password, phone_number) values (37, 'Daffie', 'McWhan', 'LezrnetTzG', '659-122-7360');
insert into Users (id, first_name, last_name, password, phone_number) values (38, 'Felic', 'Thairs', 'owjjfLi', '440-201-0859');
insert into Users (id, first_name, last_name, password, phone_number) values (39, 'Scarlett', 'Castan', 'y3NlvoB', '705-483-0387');
insert into Users (id, first_name, last_name, password, phone_number) values (40, 'Raye', 'D''Antuoni', 'C2inTYjx', '314-681-2711');
insert into Users (id, first_name, last_name, password, phone_number) values (41, 'Ronny', 'Blown', 'Y5CwXl8wH4', '949-654-5846');
insert into Users (id, first_name, last_name, password, phone_number) values (42, 'Bunnie', 'Frantzeni', 'vAZi1BjMwo', '258-774-2576');
insert into Users (id, first_name, last_name, password, phone_number) values (43, 'Kellyann', 'Booker', 'bgrD78', '780-156-7320');
insert into Users (id, first_name, last_name, password, phone_number) values (44, 'Clim', 'Swanson', '0LlQNRfSjeeU', '430-228-6531');
insert into Users (id, first_name, last_name, password, phone_number) values (45, 'Sasha', 'Marvel', 'GMCmY1sR', '512-420-8355');
insert into Users (id, first_name, last_name, password, phone_number) values (46, 'Antonella', 'Rathborne', 'zeuk9Y', '215-242-9086');
insert into Users (id, first_name, last_name, password, phone_number) values (47, 'Whitney', 'McKevany', 'mmo4EQmn2xfV', '942-564-6793');
insert into Users (id, first_name, last_name, password, phone_number) values (48, 'Marquita', 'Attard', 'MQk26Cd', '556-479-7714');
insert into Users (id, first_name, last_name, password, phone_number) values (49, 'Marjorie', 'Levy', 'xGJKIfqikwo6', '253-714-3859');
insert into Users (id, first_name, last_name, password, phone_number) values (50, 'Randy', 'Westell', 'udhMbHdLl', '946-898-7599');
insert into Users (id, first_name, last_name, password, phone_number) values (51, 'Manfred', 'Fass', 'HMoIxap5BR', '609-133-3319');
insert into Users (id, first_name, last_name, password, phone_number) values (52, 'Mariquilla', 'Boulger', '5NKXQ8OkM4K', '345-550-5978');
insert into Users (id, first_name, last_name, password, phone_number) values (53, 'Grier', 'Shoemark', 'T1DkxSBvMi', '879-240-6293');
insert into Users (id, first_name, last_name, password, phone_number) values (54, 'Susan', 'Dugall', '59Ydgjhvp62d', '994-450-9483');
insert into Users (id, first_name, last_name, password, phone_number) values (55, 'Perry', 'Jaukovic', 'cKmoX2gyK', '933-530-7655');
insert into Users (id, first_name, last_name, password, phone_number) values (56, 'Malvina', 'Jonah', 'Axe3ns7Q', '431-697-2677');
insert into Users (id, first_name, last_name, password, phone_number) values (57, 'Karrah', 'Levee', 'tpeAsntYXB7', '525-122-9172');
insert into Users (id, first_name, last_name, password, phone_number) values (58, 'Oliviero', 'Grisley', 'qAqMOElRYRpn', '230-865-5151');
insert into Users (id, first_name, last_name, password, phone_number) values (59, 'Naomi', 'Ancell', 'Eo2BNayiNf', '736-876-7630');
insert into Users (id, first_name, last_name, password, phone_number) values (60, 'Tab', 'Jeannon', 'LBI0DAxTR', '705-528-0973');
insert into Users (id, first_name, last_name, password, phone_number) values (61, 'Jayson', 'Pizzey', 'evYitw3Bx', '933-519-3201');
insert into Users (id, first_name, last_name, password, phone_number) values (62, 'Eolanda', 'Audritt', 'Ouse0g', '975-683-0558');
insert into Users (id, first_name, last_name, password, phone_number) values (63, 'Yance', 'Macari', 'W7g42j', '469-238-2204');
insert into Users (id, first_name, last_name, password, phone_number) values (64, 'Darcey', 'Rostron', 'n9ki0FwANUAS', '915-612-8880');
insert into Users (id, first_name, last_name, password, phone_number) values (65, 'Lazare', 'McKenna', 'ggQi0wueQ', '550-572-2300');
insert into Users (id, first_name, last_name, password, phone_number) values (66, 'Delmore', 'Gommowe', '5r0nIDleU', '544-451-3565');
insert into Users (id, first_name, last_name, password, phone_number) values (67, 'Ophelie', 'Polkinghorne', 'LGtUVK', '596-649-0401');
insert into Users (id, first_name, last_name, password, phone_number) values (68, 'Hank', 'Foottit', 'SziV8WeVCjs', '817-140-0801');
insert into Users (id, first_name, last_name, password, phone_number) values (69, 'Berenice', 'Du Hamel', 'rdrm8GuI6a4A', '462-556-0413');
insert into Users (id, first_name, last_name, password, phone_number) values (70, 'Lucius', 'Riddock', 'UnYlz8bBR', '846-692-5546');
insert into Users (id, first_name, last_name, password, phone_number) values (71, 'Mady', 'Finley', 'feVSBFd', '359-854-8596');
insert into Users (id, first_name, last_name, password, phone_number) values (72, 'Chryste', 'Sanford', 'dBXkP4H', '513-745-6323');
insert into Users (id, first_name, last_name, password, phone_number) values (73, 'Nadine', 'Haskayne', '3iQSNCj', '635-902-9415');
insert into Users (id, first_name, last_name, password, phone_number) values (74, 'Dania', 'Martinovic', 'givhhvwSiFI', '872-711-7113');
insert into Users (id, first_name, last_name, password, phone_number) values (75, 'Cad', 'Lodder', 'D54YLy0B', '151-167-5482');

insert into Room (room_id, building, Capacity, Resources) values (1000, 'New West', 6, 'Projector');
insert into Room (room_id, building, Capacity, Resources) values (1001, 'New West', 5, 'Computer');
insert into Room (room_id, building, Capacity, Resources) values (1002, 'New West', 5, 'Projector');
insert into Room (room_id, building, Capacity, Resources) values (1003, 'New West', 5, 'TV');
insert into Room (room_id, building, Capacity, Resources) values (1004, 'New West', 5, 'TV');
insert into Room (room_id, building, Capacity, Resources) values (1005, 'New West', 5, 'Computer');
insert into Room (room_id, building, Capacity, Resources) values (1006, 'New West', 5, 'Projector');
insert into Room (room_id, building, Capacity, Resources) values (1007, 'New West', 6, 'Projector');
insert into Room (room_id, building, Capacity, Resources) values (1008, 'New West', 6, 'TV');
insert into Room (room_id, building, Capacity, Resources) values (1009, 'New West', 5, 'Projector');
insert into Room (room_id, building, Capacity, Resources) values (1010, 'New West', 6, 'Computer');
insert into Room (room_id, building, Capacity, Resources) values (1011, 'Anvil', 5, 'Computer');
insert into Room (room_id, building, Capacity, Resources) values (1012, 'Anvil', 6, 'Computer');
insert into Room (room_id, building, Capacity, Resources) values (1013, 'Anvil', 5, 'TV');
insert into Room (room_id, building, Capacity, Resources) values (1014, 'Anvil', 6, 'Projector');
insert into Room (room_id, building, Capacity, Resources) values (1015, 'Anvil', 5, 'TV');
insert into Room (room_id, building, Capacity, Resources) values (1016, 'Anvil', 5, 'Computer');
insert into Room (room_id, building, Capacity, Resources) values (1017, 'Anvil', 5, 'TV');
insert into Room (room_id, building, Capacity, Resources) values (1018, 'Anvil', 5, 'Projector');
insert into Room (room_id, building, Capacity, Resources) values (1019, 'Anvil', 6, 'TV');
insert into Room (room_id, building, Capacity, Resources) values (1020, 'Anvil', 5, 'TV');
insert into Room (room_id, building, Capacity, Resources) values (1021, 'Coquitlam', 6, 'Computer');
insert into Room (room_id, building, Capacity, Resources) values (1022, 'Coquitlam', 6, 'Projector');
insert into Room (room_id, building, Capacity, Resources) values (1023, 'Coquitlam', 6, 'Projector');
insert into Room (room_id, building, Capacity, Resources) values (1024, 'Coquitlam', 5, 'Computer');
insert into Room (room_id, building, Capacity, Resources) values (1025, 'Coquitlam', 6, 'Computer');
insert into Room (room_id, building, Capacity, Resources) values (1026, 'Coquitlam', 6, 'Computer');
insert into Room (room_id, building, Capacity, Resources) values (1027, 'Coquitlam', 6, 'TV');
insert into Room (room_id, building, Capacity, Resources) values (1028, 'Coquitlam', 6, 'TV');
insert into Room (room_id, building, Capacity, Resources) values (1029, 'Coquitlam', 6, 'Computer');
insert into Room (room_id, building, Capacity, Resources) values (1030, 'Coquitlam', 5, 'TV');

insert into BookedRoom (user_id, room_id, booked_date, time_from, time_to, member_quantity) values (79, 1028, '2/22/2019', 17, 19, 5);
insert into BookedRoom (user_id, room_id, booked_date, time_from, time_to, member_quantity) values (62, 1012, '6/7/2019', 16, 17, 4);
insert into BookedRoom (user_id, room_id, booked_date, time_from, time_to, member_quantity) values (24, 1026, '10/28/2018', 15, 16, 3);
insert into BookedRoom (user_id, room_id, booked_date, time_from, time_to, member_quantity) values (43, 1025, '8/8/2018', 18, 20, 1);
insert into BookedRoom (user_id, room_id, booked_date, time_from, time_to, member_quantity) values (86, 1005, '9/6/2018', 14, 15, 2);
insert into BookedRoom (user_id, room_id, booked_date, time_from, time_to, member_quantity) values (31, 1006, '9/24/2018', 17, 18, 1);
insert into BookedRoom (user_id, room_id, booked_date, time_from, time_to, member_quantity) values (99, 1027, '4/11/2019', 17, 18, 2);
insert into BookedRoom (user_id, room_id, booked_date, time_from, time_to, member_quantity) values (58, 1014, '6/6/2019', 8, 10, 1);
insert into BookedRoom (user_id, room_id, booked_date, time_from, time_to, member_quantity) values (56, 1000, '3/5/2019', 17, 19, 5);
insert into BookedRoom (user_id, room_id, booked_date, time_from, time_to, member_quantity) values (67, 1029, '12/19/2018', 15, 17, 1);
insert into BookedRoom (user_id, room_id, booked_date, time_from, time_to, member_quantity) values (79, 1013, '3/28/2019', 17, 19, 5);
insert into BookedRoom (user_id, room_id, booked_date, time_from, time_to, member_quantity) values (34, 1007, '11/20/2018', 8, 10, 4);
insert into BookedRoom (user_id, room_id, booked_date, time_from, time_to, member_quantity) values (57, 1028, '2/11/2019', 17, 18, 4);
insert into BookedRoom (user_id, room_id, booked_date, time_from, time_to, member_quantity) values (40, 1015, '6/27/2019', 18, 20, 5);
insert into BookedRoom (user_id, room_id, booked_date, time_from, time_to, member_quantity) values (40, 1006, '2/2/2019', 17, 18, 3);
insert into BookedRoom (user_id, room_id, booked_date, time_from, time_to, member_quantity) values (70, 1004, '9/22/2018', 9, 10, 3);
insert into BookedRoom (user_id, room_id, booked_date, time_from, time_to, member_quantity) values (80, 1017, '12/24/2018', 13, 14, 5);
insert into BookedRoom (user_id, room_id, booked_date, time_from, time_to, member_quantity) values (40, 1017, '8/16/2018', 9, 10, 5);
insert into BookedRoom (user_id, room_id, booked_date, time_from, time_to, member_quantity) values (83, 1001, '7/20/2019', 16, 17, 1);
insert into BookedRoom (user_id, room_id, booked_date, time_from, time_to, member_quantity) values (28, 1030, '3/11/2019', 18, 20, 4);
insert into BookedRoom (user_id, room_id, booked_date, time_from, time_to, member_quantity) values (9, 1021, '11/28/2018', 17, 18, 2);
insert into BookedRoom (user_id, room_id, booked_date, time_from, time_to, member_quantity) values (62, 1018, '9/4/2018', 16, 18, 2);
insert into BookedRoom (user_id, room_id, booked_date, time_from, time_to, member_quantity) values (91, 1011, '1/28/2019', 19, 20, 1);
insert into BookedRoom (user_id, room_id, booked_date, time_from, time_to, member_quantity) values (76, 1006, '6/11/2019', 14, 15, 2);
insert into BookedRoom (user_id, room_id, booked_date, time_from, time_to, member_quantity) values (75, 1011, '1/8/2019', 17, 18, 4);
insert into BookedRoom (user_id, room_id, booked_date, time_from, time_to, member_quantity) values (8, 1019, '4/2/2019', 17, 19, 2);
insert into BookedRoom (user_id, room_id, booked_date, time_from, time_to, member_quantity) values (23, 1010, '3/10/2019', 19, 20, 2);
insert into BookedRoom (user_id, room_id, booked_date, time_from, time_to, member_quantity) values (19, 1013, '7/31/2018', 13, 14, 5);
insert into BookedRoom (user_id, room_id, booked_date, time_from, time_to, member_quantity) values (64, 1030, '8/20/2018', 14, 15, 2);
insert into BookedRoom (user_id, room_id, booked_date, time_from, time_to, member_quantity) values (81, 1013, '3/13/2019', 15, 16, 1);
insert into BookedRoom (user_id, room_id, booked_date, time_from, time_to, member_quantity) values (3, 1030, '7/4/2019', 12, 14, 4);
insert into BookedRoom (user_id, room_id, booked_date, time_from, time_to, member_quantity) values (4, 1022, '2/23/2019', 19, 20, 3);
insert into BookedRoom (user_id, room_id, booked_date, time_from, time_to, member_quantity) values (21, 1029, '3/1/2019', 12, 13, 1);
insert into BookedRoom (user_id, room_id, booked_date, time_from, time_to, member_quantity) values (44, 1013, '12/31/2018', 17, 19, 1);
insert into BookedRoom (user_id, room_id, booked_date, time_from, time_to, member_quantity) values (97, 1008, '9/25/2018', 15, 16, 2);
insert into BookedRoom (user_id, room_id, booked_date, time_from, time_to, member_quantity) values (1, 1008, '1/30/2019', 10, 11, 4);
insert into BookedRoom (user_id, room_id, booked_date, time_from, time_to, member_quantity) values (61, 1018, '7/12/2019', 15, 16, 1);
insert into BookedRoom (user_id, room_id, booked_date, time_from, time_to, member_quantity) values (4, 1025, '12/25/2018', 11, 12, 3);
insert into BookedRoom (user_id, room_id, booked_date, time_from, time_to, member_quantity) values (62, 1008, '12/8/2018', 14, 15, 2);
insert into BookedRoom (user_id, room_id, booked_date, time_from, time_to, member_quantity) values (5, 1012, '11/25/2018', 15, 16, 2);
insert into BookedRoom (user_id, room_id, booked_date, time_from, time_to, member_quantity) values (78, 1017, '5/15/2019', 10, 11, 5);
insert into BookedRoom (user_id, room_id, booked_date, time_from, time_to, member_quantity) values (19, 1018, '1/6/2019', 16, 17, 5);
insert into BookedRoom (user_id, room_id, booked_date, time_from, time_to, member_quantity) values (76, 1025, '6/19/2019', 15, 17, 1);
insert into BookedRoom (user_id, room_id, booked_date, time_from, time_to, member_quantity) values (4, 1012, '12/23/2018', 18, 19, 3);
insert into BookedRoom (user_id, room_id, booked_date, time_from, time_to, member_quantity) values (19, 1026, '5/30/2019', 13, 15, 5);
insert into BookedRoom (user_id, room_id, booked_date, time_from, time_to, member_quantity) values (63, 1011, '6/12/2019', 9, 11, 5);
insert into BookedRoom (user_id, room_id, booked_date, time_from, time_to, member_quantity) values (38, 1012, '3/25/2019', 14, 15, 4);
insert into BookedRoom (user_id, room_id, booked_date, time_from, time_to, member_quantity) values (94, 1015, '11/11/2018', 10, 11, 5);
insert into BookedRoom (user_id, room_id, booked_date, time_from, time_to, member_quantity) values (84, 1006, '6/22/2019', 18, 20, 4);
insert into BookedRoom (user_id, room_id, booked_date, time_from, time_to, member_quantity) values (15, 1002, '9/29/2018', 13, 14, 3);
insert into BookedRoom (user_id, room_id, booked_date, time_from, time_to, member_quantity) values (5, 1016, '11/28/2018', 11, 12, 5);
insert into BookedRoom (user_id, room_id, booked_date, time_from, time_to, member_quantity) values (23, 1001, '8/10/2018', 17, 19, 1);
insert into BookedRoom (user_id, room_id, booked_date, time_from, time_to, member_quantity) values (36, 1011, '7/23/2019', 15, 16, 2);
insert into BookedRoom (user_id, room_id, booked_date, time_from, time_to, member_quantity) values (31, 1010, '4/17/2019', 19, 20, 3);
insert into BookedRoom (user_id, room_id, booked_date, time_from, time_to, member_quantity) values (88, 1021, '5/31/2019', 13, 14, 2);
insert into BookedRoom (user_id, room_id, booked_date, time_from, time_to, member_quantity) values (86, 1004, '12/14/2018', 10, 11, 5);
insert into BookedRoom (user_id, room_id, booked_date, time_from, time_to, member_quantity) values (28, 1018, '7/29/2018', 14, 15, 4);
insert into BookedRoom (user_id, room_id, booked_date, time_from, time_to, member_quantity) values (49, 1012, '9/9/2018', 17, 19, 3);
insert into BookedRoom (user_id, room_id, booked_date, time_from, time_to, member_quantity) values (39, 1024, '9/13/2018', 12, 14, 3);
insert into BookedRoom (user_id, room_id, booked_date, time_from, time_to, member_quantity) values (31, 1001, '2/9/2019', 18, 19, 5);
insert into BookedRoom (user_id, room_id, booked_date, time_from, time_to, member_quantity) values (48, 1004, '8/8/2018', 16, 17, 1);
insert into BookedRoom (user_id, room_id, booked_date, time_from, time_to, member_quantity) values (59, 1001, '9/25/2018', 13, 15, 4);
insert into BookedRoom (user_id, room_id, booked_date, time_from, time_to, member_quantity) values (85, 1016, '5/30/2019', 16, 18, 4);
insert into BookedRoom (user_id, room_id, booked_date, time_from, time_to, member_quantity) values (91, 1008, '5/16/2019', 15, 16, 5);
insert into BookedRoom (user_id, room_id, booked_date, time_from, time_to, member_quantity) values (100, 1010, '12/14/2018', 13, 15, 3);
insert into BookedRoom (user_id, room_id, booked_date, time_from, time_to, member_quantity) values (66, 1015, '7/2/2019', 18, 20, 5);
insert into BookedRoom (user_id, room_id, booked_date, time_from, time_to, member_quantity) values (36, 1022, '2/10/2019', 14, 16, 1);
insert into BookedRoom (user_id, room_id, booked_date, time_from, time_to, member_quantity) values (9, 1009, '8/15/2018', 13, 14, 5);
insert into BookedRoom (user_id, room_id, booked_date, time_from, time_to, member_quantity) values (60, 1004, '9/26/2018', 14, 15, 1);
insert into BookedRoom (user_id, room_id, booked_date, time_from, time_to, member_quantity) values (54, 1026, '10/17/2018', 8, 9, 3);
insert into BookedRoom (user_id, room_id, booked_date, time_from, time_to, member_quantity) values (9, 1020, '1/7/2019', 12, 13, 1);
insert into BookedRoom (user_id, room_id, booked_date, time_from, time_to, member_quantity) values (68, 1023, '5/14/2019', 9, 11, 2);
insert into BookedRoom (user_id, room_id, booked_date, time_from, time_to, member_quantity) values (81, 1018, '7/25/2018', 11, 12, 3);
insert into BookedRoom (user_id, room_id, booked_date, time_from, time_to, member_quantity) values (61, 1024, '7/20/2019', 14, 15, 4);
insert into BookedRoom (user_id, room_id, booked_date, time_from, time_to, member_quantity) values (98, 1014, '6/23/2019', 18, 19, 2);
insert into BookedRoom (user_id, room_id, booked_date, time_from, time_to, member_quantity) values (58, 1003, '7/2/2019', 19, 20, 2);
insert into BookedRoom (user_id, room_id, booked_date, time_from, time_to, member_quantity) values (21, 1022, '8/9/2018', 13, 14, 1);
insert into BookedRoom (user_id, room_id, booked_date, time_from, time_to, member_quantity) values (82, 1021, '5/31/2019', 15, 16, 3);
insert into BookedRoom (user_id, room_id, booked_date, time_from, time_to, member_quantity) values (32, 1025, '11/1/2018', 10, 11, 5);
insert into BookedRoom (user_id, room_id, booked_date, time_from, time_to, member_quantity) values (31, 1025, '6/2/2019', 17, 18, 1);
insert into BookedRoom (user_id, room_id, booked_date, time_from, time_to, member_quantity) values (18, 1008, '9/6/2018', 8, 10, 2);
insert into BookedRoom (user_id, room_id, booked_date, time_from, time_to, member_quantity) values (80, 1026, '3/26/2019', 10, 11, 3);
insert into BookedRoom (user_id, room_id, booked_date, time_from, time_to, member_quantity) values (25, 1001, '2/11/2019', 11, 13, 1);
insert into BookedRoom (user_id, room_id, booked_date, time_from, time_to, member_quantity) values (41, 1030, '7/22/2019', 15, 16, 2);
insert into BookedRoom (user_id, room_id, booked_date, time_from, time_to, member_quantity) values (7, 1024, '2/25/2019', 17, 19, 2);
insert into BookedRoom (user_id, room_id, booked_date, time_from, time_to, member_quantity) values (46, 1020, '9/9/2018', 9, 11, 4);
insert into BookedRoom (user_id, room_id, booked_date, time_from, time_to, member_quantity) values (35, 1007, '7/1/2019', 18, 19, 4);
insert into BookedRoom (user_id, room_id, booked_date, time_from, time_to, member_quantity) values (15, 1017, '9/30/2018', 15, 17, 5);
insert into BookedRoom (user_id, room_id, booked_date, time_from, time_to, member_quantity) values (23, 1005, '9/8/2018', 13, 14, 3);
insert into BookedRoom (user_id, room_id, booked_date, time_from, time_to, member_quantity) values (59, 1024, '5/19/2019', 8, 10, 5);
insert into BookedRoom (user_id, room_id, booked_date, time_from, time_to, member_quantity) values (28, 1011, '10/14/2018', 13, 15, 3);
insert into BookedRoom (user_id, room_id, booked_date, time_from, time_to, member_quantity) values (5, 1020, '12/15/2018', 16, 17, 5);
insert into BookedRoom (user_id, room_id, booked_date, time_from, time_to, member_quantity) values (36, 1023, '11/9/2018', 13, 15, 1);
insert into BookedRoom (user_id, room_id, booked_date, time_from, time_to, member_quantity) values (37, 1018, '1/31/2019', 15, 16, 3);
insert into BookedRoom (user_id, room_id, booked_date, time_from, time_to, member_quantity) values (8, 1006, '3/26/2019', 19, 20, 2);
insert into BookedRoom (user_id, room_id, booked_date, time_from, time_to, member_quantity) values (23, 1003, '6/8/2019', 18, 20, 1);
insert into BookedRoom (user_id, room_id, booked_date, time_from, time_to, member_quantity) values (78, 1005, '4/24/2019', 12, 13, 4);
insert into BookedRoom (user_id, room_id, booked_date, time_from, time_to, member_quantity) values (57, 1026, '10/22/2018', 13, 14, 1);
insert into BookedRoom (user_id, room_id, booked_date, time_from, time_to, member_quantity) values (59, 1024, '5/13/2019', 13, 15, 3);
insert into BookedRoom (user_id, room_id, booked_date, time_from, time_to, member_quantity) values (76, 1023, '9/2/2018', 13, 14, 3);

